simulation_window,planning_window,num_agents,seed,status,returncode,completed_tasks,throughput_per_step,run_dir
1,5,32,10,ok,0,320,1.25,/home/shiqi/masterarbeit/RHCR/exp2/rhcr_baseline_windows_20260510_130204/sim_1_plan_5/agents_32/seed_10
1,5,32,11,ok,0,305,1.19140625,/home/shiqi/masterarbeit/RHCR/exp2/rhcr_baseline_windows_20260510_130204/sim_1_plan_5/agents_32/seed_11
1,5,32,12,ok,0,312,1.21875,/home/shiqi/masterarbeit/RHCR/exp2/rhcr_baseline_windows_20260510_130204/sim_1_plan_5/agents_32/seed_12
1,5,32,13,ok,0,329,1.28515625,/home/shiqi/masterarbeit/RHCR/exp2/rhcr_baseline_windows_20260510_130204/sim_1_plan_5/agents_32/seed_13
1,5,32,14,ok,0,325,1.26953125,/home/shiqi/masterarbeit/RHCR/exp2/rhcr_baseline_windows_20260510_130204/sim_1_plan_5/agents_32/seed_14
1,5,32,15,ok,0,331,1.29296875,/home/shiqi/masterarbeit/RHCR/exp2/rhcr_baseline_windows_20260510_130204/sim_1_plan_5/agents_32/seed_15
1,5,32,16,ok,0,314,1.2265625,/home/shiqi/masterarbeit/RHCR/exp2/rhcr_baseline_windows_20260510_130204/sim_1_plan_5/agents_32/seed_16
1,5,32,17,ok,0,298,1.1640625,/home/shiqi/masterarbeit/RHCR/exp2/rhcr_baseline_windows_20260510_130204/sim_1_plan_5/agents_32/seed_17
1,5,32,18,ok,0,316,1.234375,/home/shiqi/masterarbeit/RHCR/exp2/rhcr_baseline_windows_20260510_130204/sim_1_plan_5/agents_32/seed_18
1,5,32,19,ok,0,312,1.21875,/home/shiqi/masterarbeit/RHCR/exp2/rhcr_baseline_windows_20260510_130204/sim_1_plan_5/agents_32/seed_19
1,5,64,10,ok,0,571,2.23046875,/home/shiqi/masterarbeit/RHCR/exp2/rhcr_baseline_windows_20260510_130204/sim_1_plan_5/agents_64/seed_10
1,5,64,11,ok,0,571,2.23046875,/home/shiqi/masterarbeit/RHCR/exp2/rhcr_baseline_windows_20260510_130204/sim_1_plan_5/agents_64/seed_11
1,5,64,12,ok,0,581,2.26953125,/home/shiqi/masterarbeit/RHCR/exp2/rhcr_baseline_windows_20260510_130204/sim_1_plan_5/agents_64/seed_12
1,5,64,13,ok,0,602,2.3515625,/home/shiqi/masterarbeit/RHCR/exp2/rhcr_baseline_windows_20260510_130204/sim_1_plan_5/agents_64/seed_13
1,5,64,14,ok,0,572,2.234375,/home/shiqi/masterarbeit/RHCR/exp2/rhcr_baseline_windows_20260510_130204/sim_1_plan_5/agents_64/seed_14
1,5,64,15,ok,0,576,2.25,/home/shiqi/masterarbeit/RHCR/exp2/rhcr_baseline_windows_20260510_130204/sim_1_plan_5/agents_64/seed_15
1,5,64,16,ok,0,574,2.2421875,/home/shiqi/masterarbeit/RHCR/exp2/rhcr_baseline_windows_20260510_130204/sim_1_plan_5/agents_64/seed_16
1,5,64,17,ok,0,572,2.234375,/home/shiqi/masterarbeit/RHCR/exp2/rhcr_baseline_windows_20260510_130204/sim_1_plan_5/agents_64/seed_17
1,5,64,18,ok,0,584,2.28125,/home/shiqi/masterarbeit/RHCR/exp2/rhcr_baseline_windows_20260510_130204/sim_1_plan_5/agents_64/seed_18
1,5,64,19,ok,0,588,2.296875,/home/shiqi/masterarbeit/RHCR/exp2/rhcr_baseline_windows_20260510_130204/sim_1_plan_5/agents_64/seed_19
1,5,96,10,ok,0,607,2.37109375,/home/shiqi/masterarbeit/RHCR/exp2/rhcr_baseline_windows_20260510_130204/sim_1_plan_5/agents_96/seed_10
1,5,96,11,ok,0,726,2.8359375,/home/shiqi/masterarbeit/RHCR/exp2/rhcr_baseline_windows_20260510_130204/sim_1_plan_5/agents_96/seed_11
1,5,96,12,ok,0,716,2.796875,/home/shiqi/masterarbeit/RHCR/exp2/rhcr_baseline_windows_20260510_130204/sim_1_plan_5/agents_96/seed_12
1,5,96,13,ok,0,777,3.03515625,/home/shiqi/masterarbeit/RHCR/exp2/rhcr_baseline_windows_20260510_130204/sim_1_plan_5/agents_96/seed_13
1,5,96,14,ok,0,766,2.9921875,/home/shiqi/masterarbeit/RHCR/exp2/rhcr_baseline_windows_20260510_130204/sim_1_plan_5/agents_96/seed_14
1,5,96,15,ok,0,727,2.83984375,/home/shiqi/masterarbeit/RHCR/exp2/rhcr_baseline_windows_20260510_130204/sim_1_plan_5/agents_96/seed_15
1,5,96,16,ok,0,763,2.98046875,/home/shiqi/masterarbeit/RHCR/exp2/rhcr_baseline_windows_20260510_130204/sim_1_plan_5/agents_96/seed_16
1,5,96,17,ok,0,775,3.02734375,/home/shiqi/masterarbeit/RHCR/exp2/rhcr_baseline_windows_20260510_130204/sim_1_plan_5/agents_96/seed_17
1,5,96,18,ok,0,717,2.80078125,/home/shiqi/masterarbeit/RHCR/exp2/rhcr_baseline_windows_20260510_130204/sim_1_plan_5/agents_96/seed_18
1,5,96,19,ok,0,732,2.859375,/home/shiqi/masterarbeit/RHCR/exp2/rhcr_baseline_windows_20260510_130204/sim_1_plan_5/agents_96/seed_19
1,5,128,10,ok,0,619,2.41796875,/home/shiqi/masterarbeit/RHCR/exp2/rhcr_baseline_windows_20260510_130204/sim_1_plan_5/agents_128/seed_10
1,5,128,11,ok,0,713,2.78515625,/home/shiqi/masterarbeit/RHCR/exp2/rhcr_baseline_windows_20260510_130204/sim_1_plan_5/agents_128/seed_11
1,5,128,12,ok,0,728,2.84375,/home/shiqi/masterarbeit/RHCR/exp2/rhcr_baseline_windows_20260510_130204/sim_1_plan_5/agents_128/seed_12
1,5,128,13,ok,0,484,1.890625,/home/shiqi/masterarbeit/RHCR/exp2/rhcr_baseline_windows_20260510_130204/sim_1_plan_5/agents_128/seed_13
1,5,128,14,ok,0,673,2.62890625,/home/shiqi/masterarbeit/RHCR/exp2/rhcr_baseline_windows_20260510_130204/sim_1_plan_5/agents_128/seed_14
1,5,128,15,ok,0,671,2.62109375,/home/shiqi/masterarbeit/RHCR/exp2/rhcr_baseline_windows_20260510_130204/sim_1_plan_5/agents_128/seed_15
1,5,128,16,ok,0,606,2.3671875,/home/shiqi/masterarbeit/RHCR/exp2/rhcr_baseline_windows_20260510_130204/sim_1_plan_5/agents_128/seed_16
1,5,128,17,ok,0,559,2.18359375,/home/shiqi/masterarbeit/RHCR/exp2/rhcr_baseline_windows_20260510_130204/sim_1_plan_5/agents_128/seed_17
1,5,128,18,ok,0,754,2.9453125,/home/shiqi/masterarbeit/RHCR/exp2/rhcr_baseline_windows_20260510_130204/sim_1_plan_5/agents_128/seed_18
1,5,128,19,ok,0,574,2.2421875,/home/shiqi/masterarbeit/RHCR/exp2/rhcr_baseline_windows_20260510_130204/sim_1_plan_5/agents_128/seed_19
1,5,160,10,ok,0,438,1.7109375,/home/shiqi/masterarbeit/RHCR/exp2/rhcr_baseline_windows_20260510_130204/sim_1_plan_5/agents_160/seed_10
1,5,160,11,ok,0,525,2.05078125,/home/shiqi/masterarbeit/RHCR/exp2/rhcr_baseline_windows_20260510_130204/sim_1_plan_5/agents_160/seed_11
1,5,160,12,ok,0,455,1.77734375,/home/shiqi/masterarbeit/RHCR/exp2/rhcr_baseline_windows_20260510_130204/sim_1_plan_5/agents_160/seed_12
1,5,160,13,ok,0,391,1.52734375,/home/shiqi/masterarbeit/RHCR/exp2/rhcr_baseline_windows_20260510_130204/sim_1_plan_5/agents_160/seed_13
1,5,160,14,ok,0,466,1.8203125,/home/shiqi/masterarbeit/RHCR/exp2/rhcr_baseline_windows_20260510_130204/sim_1_plan_5/agents_160/seed_14
1,5,160,15,ok,0,512,2.0,/home/shiqi/masterarbeit/RHCR/exp2/rhcr_baseline_windows_20260510_130204/sim_1_plan_5/agents_160/seed_15
1,5,160,16,ok,0,485,1.89453125,/home/shiqi/masterarbeit/RHCR/exp2/rhcr_baseline_windows_20260510_130204/sim_1_plan_5/agents_160/seed_16
1,5,160,17,ok,0,311,1.21484375,/home/shiqi/masterarbeit/RHCR/exp2/rhcr_baseline_windows_20260510_130204/sim_1_plan_5/agents_160/seed_17
1,5,160,18,ok,0,476,1.859375,/home/shiqi/masterarbeit/RHCR/exp2/rhcr_baseline_windows_20260510_130204/sim_1_plan_5/agents_160/seed_18
1,5,160,19,ok,0,499,1.94921875,/home/shiqi/masterarbeit/RHCR/exp2/rhcr_baseline_windows_20260510_130204/sim_1_plan_5/agents_160/seed_19
1,5,192,10,ok,0,297,1.16015625,/home/shiqi/masterarbeit/RHCR/exp2/rhcr_baseline_windows_20260510_130204/sim_1_plan_5/agents_192/seed_10
1,5,192,11,ok,0,503,1.96484375,/home/shiqi/masterarbeit/RHCR/exp2/rhcr_baseline_windows_20260510_130204/sim_1_plan_5/agents_192/seed_11
1,5,192,12,ok,0,461,1.80078125,/home/shiqi/masterarbeit/RHCR/exp2/rhcr_baseline_windows_20260510_130204/sim_1_plan_5/agents_192/seed_12
1,5,192,13,ok,0,309,1.20703125,/home/shiqi/masterarbeit/RHCR/exp2/rhcr_baseline_windows_20260510_130204/sim_1_plan_5/agents_192/seed_13
1,5,192,14,ok,0,395,1.54296875,/home/shiqi/masterarbeit/RHCR/exp2/rhcr_baseline_windows_20260510_130204/sim_1_plan_5/agents_192/seed_14
1,5,192,15,ok,0,348,1.359375,/home/shiqi/masterarbeit/RHCR/exp2/rhcr_baseline_windows_20260510_130204/sim_1_plan_5/agents_192/seed_15
1,5,192,16,ok,0,320,1.25,/home/shiqi/masterarbeit/RHCR/exp2/rhcr_baseline_windows_20260510_130204/sim_1_plan_5/agents_192/seed_16
1,5,192,17,ok,0,395,1.54296875,/home/shiqi/masterarbeit/RHCR/exp2/rhcr_baseline_windows_20260510_130204/sim_1_plan_5/agents_192/seed_17
1,5,192,18,ok,0,368,1.4375,/home/shiqi/masterarbeit/RHCR/exp2/rhcr_baseline_windows_20260510_130204/sim_1_plan_5/agents_192/seed_18
1,5,192,19,ok,0,319,1.24609375,/home/shiqi/masterarbeit/RHCR/exp2/rhcr_baseline_windows_20260510_130204/sim_1_plan_5/agents_192/seed_19
1,10,32,10,ok,0,311,1.21484375,/home/shiqi/masterarbeit/RHCR/exp2/rhcr_baseline_windows_20260510_130204/sim_1_plan_10/agents_32/seed_10
1,10,32,11,ok,0,308,1.203125,/home/shiqi/masterarbeit/RHCR/exp2/rhcr_baseline_windows_20260510_130204/sim_1_plan_10/agents_32/seed_11
1,10,32,12,ok,0,316,1.234375,/home/shiqi/masterarbeit/RHCR/exp2/rhcr_baseline_windows_20260510_130204/sim_1_plan_10/agents_32/seed_12
1,10,32,13,ok,0,336,1.3125,/home/shiqi/masterarbeit/RHCR/exp2/rhcr_baseline_windows_20260510_130204/sim_1_plan_10/agents_32/seed_13
1,10,32,14,ok,0,318,1.2421875,/home/shiqi/masterarbeit/RHCR/exp2/rhcr_baseline_windows_20260510_130204/sim_1_plan_10/agents_32/seed_14
1,10,32,15,ok,0,315,1.23046875,/home/shiqi/masterarbeit/RHCR/exp2/rhcr_baseline_windows_20260510_130204/sim_1_plan_10/agents_32/seed_15
1,10,32,16,ok,0,322,1.2578125,/home/shiqi/masterarbeit/RHCR/exp2/rhcr_baseline_windows_20260510_130204/sim_1_plan_10/agents_32/seed_16
1,10,32,17,ok,0,305,1.19140625,/home/shiqi/masterarbeit/RHCR/exp2/rhcr_baseline_windows_20260510_130204/sim_1_plan_10/agents_32/seed_17
1,10,32,18,ok,0,319,1.24609375,/home/shiqi/masterarbeit/RHCR/exp2/rhcr_baseline_windows_20260510_130204/sim_1_plan_10/agents_32/seed_18
1,10,32,19,ok,0,315,1.23046875,/home/shiqi/masterarbeit/RHCR/exp2/rhcr_baseline_windows_20260510_130204/sim_1_plan_10/agents_32/seed_19
1,10,64,10,ok,0,591,2.30859375,/home/shiqi/masterarbeit/RHCR/exp2/rhcr_baseline_windows_20260510_130204/sim_1_plan_10/agents_64/seed_10
1,10,64,11,ok,0,588,2.296875,/home/shiqi/masterarbeit/RHCR/exp2/rhcr_baseline_windows_20260510_130204/sim_1_plan_10/agents_64/seed_11
1,10,64,12,ok,0,608,2.375,/home/shiqi/masterarbeit/RHCR/exp2/rhcr_baseline_windows_20260510_130204/sim_1_plan_10/agents_64/seed_12
1,10,64,13,ok,0,588,2.296875,/home/shiqi/masterarbeit/RHCR/exp2/rhcr_baseline_windows_20260510_130204/sim_1_plan_10/agents_64/seed_13
1,10,64,14,ok,0,589,2.30078125,/home/shiqi/masterarbeit/RHCR/exp2/rhcr_baseline_windows_20260510_130204/sim_1_plan_10/agents_64/seed_14
1,10,64,15,ok,0,587,2.29296875,/home/shiqi/masterarbeit/RHCR/exp2/rhcr_baseline_windows_20260510_130204/sim_1_plan_10/agents_64/seed_15
1,10,64,16,ok,0,569,2.22265625,/home/shiqi/masterarbeit/RHCR/exp2/rhcr_baseline_windows_20260510_130204/sim_1_plan_10/agents_64/seed_16
1,10,64,17,ok,0,588,2.296875,/home/shiqi/masterarbeit/RHCR/exp2/rhcr_baseline_windows_20260510_130204/sim_1_plan_10/agents_64/seed_17
1,10,64,18,ok,0,583,2.27734375,/home/shiqi/masterarbeit/RHCR/exp2/rhcr_baseline_windows_20260510_130204/sim_1_plan_10/agents_64/seed_18
1,10,64,19,ok,0,607,2.37109375,/home/shiqi/masterarbeit/RHCR/exp2/rhcr_baseline_windows_20260510_130204/sim_1_plan_10/agents_64/seed_19
1,10,96,10,ok,0,757,2.95703125,/home/shiqi/masterarbeit/RHCR/exp2/rhcr_baseline_windows_20260510_130204/sim_1_plan_10/agents_96/seed_10
1,10,96,11,ok,0,763,2.98046875,/home/shiqi/masterarbeit/RHCR/exp2/rhcr_baseline_windows_20260510_130204/sim_1_plan_10/agents_96/seed_11
1,10,96,12,ok,0,770,3.0078125,/home/shiqi/masterarbeit/RHCR/exp2/rhcr_baseline_windows_20260510_130204/sim_1_plan_10/agents_96/seed_12
1,10,96,13,ok,0,768,3.0,/home/shiqi/masterarbeit/RHCR/exp2/rhcr_baseline_windows_20260510_130204/sim_1_plan_10/agents_96/seed_13
1,10,96,14,ok,0,774,3.0234375,/home/shiqi/masterarbeit/RHCR/exp2/rhcr_baseline_windows_20260510_130204/sim_1_plan_10/agents_96/seed_14
1,10,96,15,ok,0,838,3.2734375,/home/shiqi/masterarbeit/RHCR/exp2/rhcr_baseline_windows_20260510_130204/sim_1_plan_10/agents_96/seed_15
1,10,96,16,ok,0,792,3.09375,/home/shiqi/masterarbeit/RHCR/exp2/rhcr_baseline_windows_20260510_130204/sim_1_plan_10/agents_96/seed_16
1,10,96,17,ok,0,785,3.06640625,/home/shiqi/masterarbeit/RHCR/exp2/rhcr_baseline_windows_20260510_130204/sim_1_plan_10/agents_96/seed_17
1,10,96,18,ok,0,796,3.109375,/home/shiqi/masterarbeit/RHCR/exp2/rhcr_baseline_windows_20260510_130204/sim_1_plan_10/agents_96/seed_18
1,10,96,19,ok,0,795,3.10546875,/home/shiqi/masterarbeit/RHCR/exp2/rhcr_baseline_windows_20260510_130204/sim_1_plan_10/agents_96/seed_19
1,10,128,10,ok,0,903,3.52734375,/home/shiqi/masterarbeit/RHCR/exp2/rhcr_baseline_windows_20260510_130204/sim_1_plan_10/agents_128/seed_10
1,10,128,11,ok,0,904,3.53125,/home/shiqi/masterarbeit/RHCR/exp2/rhcr_baseline_windows_20260510_130204/sim_1_plan_10/agents_128/seed_11
1,10,128,12,ok,0,834,3.2578125,/home/shiqi/masterarbeit/RHCR/exp2/rhcr_baseline_windows_20260510_130204/sim_1_plan_10/agents_128/seed_12
1,10,128,13,ok,0,917,3.58203125,/home/shiqi/masterarbeit/RHCR/exp2/rhcr_baseline_windows_20260510_130204/sim_1_plan_10/agents_128/seed_13
1,10,128,14,ok,0,989,3.86328125,/home/shiqi/masterarbeit/RHCR/exp2/rhcr_baseline_windows_20260510_130204/sim_1_plan_10/agents_128/seed_14
1,10,128,15,ok,0,854,3.3359375,/home/shiqi/masterarbeit/RHCR/exp2/rhcr_baseline_windows_20260510_130204/sim_1_plan_10/agents_128/seed_15
1,10,128,16,ok,0,917,3.58203125,/home/shiqi/masterarbeit/RHCR/exp2/rhcr_baseline_windows_20260510_130204/sim_1_plan_10/agents_128/seed_16
1,10,128,17,ok,0,895,3.49609375,/home/shiqi/masterarbeit/RHCR/exp2/rhcr_baseline_windows_20260510_130204/sim_1_plan_10/agents_128/seed_17
1,10,128,18,ok,0,934,3.6484375,/home/shiqi/masterarbeit/RHCR/exp2/rhcr_baseline_windows_20260510_130204/sim_1_plan_10/agents_128/seed_18
1,10,128,19,ok,0,721,2.81640625,/home/shiqi/masterarbeit/RHCR/exp2/rhcr_baseline_windows_20260510_130204/sim_1_plan_10/agents_128/seed_19
1,10,160,10,ok,0,896,3.5,/home/shiqi/masterarbeit/RHCR/exp2/rhcr_baseline_windows_20260510_130204/sim_1_plan_10/agents_160/seed_10
1,10,160,11,ok,0,903,3.52734375,/home/shiqi/masterarbeit/RHCR/exp2/rhcr_baseline_windows_20260510_130204/sim_1_plan_10/agents_160/seed_11
1,10,160,12,ok,0,834,3.2578125,/home/shiqi/masterarbeit/RHCR/exp2/rhcr_baseline_windows_20260510_130204/sim_1_plan_10/agents_160/seed_12
1,10,160,13,ok,0,847,3.30859375,/home/shiqi/masterarbeit/RHCR/exp2/rhcr_baseline_windows_20260510_130204/sim_1_plan_10/agents_160/seed_13
1,10,160,14,ok,0,874,3.4140625,/home/shiqi/masterarbeit/RHCR/exp2/rhcr_baseline_windows_20260510_130204/sim_1_plan_10/agents_160/seed_14
1,10,160,15,ok,0,786,3.0703125,/home/shiqi/masterarbeit/RHCR/exp2/rhcr_baseline_windows_20260510_130204/sim_1_plan_10/agents_160/seed_15
1,10,160,16,ok,0,878,3.4296875,/home/shiqi/masterarbeit/RHCR/exp2/rhcr_baseline_windows_20260510_130204/sim_1_plan_10/agents_160/seed_16
1,10,160,17,ok,0,790,3.0859375,/home/shiqi/masterarbeit/RHCR/exp2/rhcr_baseline_windows_20260510_130204/sim_1_plan_10/agents_160/seed_17
1,10,160,18,ok,0,811,3.16796875,/home/shiqi/masterarbeit/RHCR/exp2/rhcr_baseline_windows_20260510_130204/sim_1_plan_10/agents_160/seed_18
1,10,160,19,ok,0,746,2.9140625,/home/shiqi/masterarbeit/RHCR/exp2/rhcr_baseline_windows_20260510_130204/sim_1_plan_10/agents_160/seed_19
1,10,192,10,ok,0,781,3.05078125,/home/shiqi/masterarbeit/RHCR/exp2/rhcr_baseline_windows_20260510_130204/sim_1_plan_10/agents_192/seed_10
1,10,192,11,ok,0,787,3.07421875,/home/shiqi/masterarbeit/RHCR/exp2/rhcr_baseline_windows_20260510_130204/sim_1_plan_10/agents_192/seed_11
1,10,192,12,ok,0,794,3.1015625,/home/shiqi/masterarbeit/RHCR/exp2/rhcr_baseline_windows_20260510_130204/sim_1_plan_10/agents_192/seed_12
1,10,192,13,ok,0,674,2.6328125,/home/shiqi/masterarbeit/RHCR/exp2/rhcr_baseline_windows_20260510_130204/sim_1_plan_10/agents_192/seed_13
1,10,192,14,ok,0,705,2.75390625,/home/shiqi/masterarbeit/RHCR/exp2/rhcr_baseline_windows_20260510_130204/sim_1_plan_10/agents_192/seed_14
1,10,192,15,ok,0,677,2.64453125,/home/shiqi/masterarbeit/RHCR/exp2/rhcr_baseline_windows_20260510_130204/sim_1_plan_10/agents_192/seed_15
1,10,192,16,ok,0,689,2.69140625,/home/shiqi/masterarbeit/RHCR/exp2/rhcr_baseline_windows_20260510_130204/sim_1_plan_10/agents_192/seed_16
1,10,192,17,ok,0,642,2.5078125,/home/shiqi/masterarbeit/RHCR/exp2/rhcr_baseline_windows_20260510_130204/sim_1_plan_10/agents_192/seed_17
1,10,192,18,ok,0,768,3.0,/home/shiqi/masterarbeit/RHCR/exp2/rhcr_baseline_windows_20260510_130204/sim_1_plan_10/agents_192/seed_18
1,10,192,19,ok,0,677,2.64453125,/home/shiqi/masterarbeit/RHCR/exp2/rhcr_baseline_windows_20260510_130204/sim_1_plan_10/agents_192/seed_19
1,20,32,10,ok,0,319,1.24609375,/home/shiqi/masterarbeit/RHCR/exp2/rhcr_baseline_windows_20260510_130204/sim_1_plan_20/agents_32/seed_10
1,20,32,11,ok,0,314,1.2265625,/home/shiqi/masterarbeit/RHCR/exp2/rhcr_baseline_windows_20260510_130204/sim_1_plan_20/agents_32/seed_11
1,20,32,12,ok,0,315,1.23046875,/home/shiqi/masterarbeit/RHCR/exp2/rhcr_baseline_windows_20260510_130204/sim_1_plan_20/agents_32/seed_12
1,20,32,13,ok,0,326,1.2734375,/home/shiqi/masterarbeit/RHCR/exp2/rhcr_baseline_windows_20260510_130204/sim_1_plan_20/agents_32/seed_13
1,20,32,14,ok,0,323,1.26171875,/home/shiqi/masterarbeit/RHCR/exp2/rhcr_baseline_windows_20260510_130204/sim_1_plan_20/agents_32/seed_14
1,20,32,15,ok,0,319,1.24609375,/home/shiqi/masterarbeit/RHCR/exp2/rhcr_baseline_windows_20260510_130204/sim_1_plan_20/agents_32/seed_15
1,20,32,16,ok,0,320,1.25,/home/shiqi/masterarbeit/RHCR/exp2/rhcr_baseline_windows_20260510_130204/sim_1_plan_20/agents_32/seed_16
1,20,32,17,ok,0,308,1.203125,/home/shiqi/masterarbeit/RHCR/exp2/rhcr_baseline_windows_20260510_130204/sim_1_plan_20/agents_32/seed_17
1,20,32,18,ok,0,318,1.2421875,/home/shiqi/masterarbeit/RHCR/exp2/rhcr_baseline_windows_20260510_130204/sim_1_plan_20/agents_32/seed_18
1,20,32,19,ok,0,328,1.28125,/home/shiqi/masterarbeit/RHCR/exp2/rhcr_baseline_windows_20260510_130204/sim_1_plan_20/agents_32/seed_19
1,20,64,10,ok,0,613,2.39453125,/home/shiqi/masterarbeit/RHCR/exp2/rhcr_baseline_windows_20260510_130204/sim_1_plan_20/agents_64/seed_10
1,20,64,11,ok,0,558,2.1796875,/home/shiqi/masterarbeit/RHCR/exp2/rhcr_baseline_windows_20260510_130204/sim_1_plan_20/agents_64/seed_11
1,20,64,12,ok,0,594,2.3203125,/home/shiqi/masterarbeit/RHCR/exp2/rhcr_baseline_windows_20260510_130204/sim_1_plan_20/agents_64/seed_12
1,20,64,13,ok,0,626,2.4453125,/home/shiqi/masterarbeit/RHCR/exp2/rhcr_baseline_windows_20260510_130204/sim_1_plan_20/agents_64/seed_13
1,20,64,14,ok,0,592,2.3125,/home/shiqi/masterarbeit/RHCR/exp2/rhcr_baseline_windows_20260510_130204/sim_1_plan_20/agents_64/seed_14
1,20,64,15,ok,0,595,2.32421875,/home/shiqi/masterarbeit/RHCR/exp2/rhcr_baseline_windows_20260510_130204/sim_1_plan_20/agents_64/seed_15
1,20,64,16,ok,0,581,2.26953125,/home/shiqi/masterarbeit/RHCR/exp2/rhcr_baseline_windows_20260510_130204/sim_1_plan_20/agents_64/seed_16
1,20,64,17,ok,0,579,2.26171875,/home/shiqi/masterarbeit/RHCR/exp2/rhcr_baseline_windows_20260510_130204/sim_1_plan_20/agents_64/seed_17
1,20,64,18,ok,0,595,2.32421875,/home/shiqi/masterarbeit/RHCR/exp2/rhcr_baseline_windows_20260510_130204/sim_1_plan_20/agents_64/seed_18
1,20,64,19,ok,0,613,2.39453125,/home/shiqi/masterarbeit/RHCR/exp2/rhcr_baseline_windows_20260510_130204/sim_1_plan_20/agents_64/seed_19
1,20,96,10,ok,0,821,3.20703125,/home/shiqi/masterarbeit/RHCR/exp2/rhcr_baseline_windows_20260510_130204/sim_1_plan_20/agents_96/seed_10
1,20,96,11,ok,0,820,3.203125,/home/shiqi/masterarbeit/RHCR/exp2/rhcr_baseline_windows_20260510_130204/sim_1_plan_20/agents_96/seed_11
1,20,96,12,ok,0,825,3.22265625,/home/shiqi/masterarbeit/RHCR/exp2/rhcr_baseline_windows_20260510_130204/sim_1_plan_20/agents_96/seed_12
1,20,96,13,ok,0,816,3.1875,/home/shiqi/masterarbeit/RHCR/exp2/rhcr_baseline_windows_20260510_130204/sim_1_plan_20/agents_96/seed_13
1,20,96,14,ok,0,823,3.21484375,/home/shiqi/masterarbeit/RHCR/exp2/rhcr_baseline_windows_20260510_130204/sim_1_plan_20/agents_96/seed_14
1,20,96,15,ok,0,848,3.3125,/home/shiqi/masterarbeit/RHCR/exp2/rhcr_baseline_windows_20260510_130204/sim_1_plan_20/agents_96/seed_15
1,20,96,16,ok,0,812,3.171875,/home/shiqi/masterarbeit/RHCR/exp2/rhcr_baseline_windows_20260510_130204/sim_1_plan_20/agents_96/seed_16
1,20,96,17,ok,0,795,3.10546875,/home/shiqi/masterarbeit/RHCR/exp2/rhcr_baseline_windows_20260510_130204/sim_1_plan_20/agents_96/seed_17
1,20,96,18,ok,0,838,3.2734375,/home/shiqi/masterarbeit/RHCR/exp2/rhcr_baseline_windows_20260510_130204/sim_1_plan_20/agents_96/seed_18
1,20,96,19,ok,0,854,3.3359375,/home/shiqi/masterarbeit/RHCR/exp2/rhcr_baseline_windows_20260510_130204/sim_1_plan_20/agents_96/seed_19
1,20,128,10,ok,0,1021,3.98828125,/home/shiqi/masterarbeit/RHCR/exp2/rhcr_baseline_windows_20260510_130204/sim_1_plan_20/agents_128/seed_10
1,20,128,11,ok,0,1039,4.05859375,/home/shiqi/masterarbeit/RHCR/exp2/rhcr_baseline_windows_20260510_130204/sim_1_plan_20/agents_128/seed_11
1,20,128,12,ok,0,1012,3.953125,/home/shiqi/masterarbeit/RHCR/exp2/rhcr_baseline_windows_20260510_130204/sim_1_plan_20/agents_128/seed_12
1,20,128,13,ok,0,1007,3.93359375,/home/shiqi/masterarbeit/RHCR/exp2/rhcr_baseline_windows_20260510_130204/sim_1_plan_20/agents_128/seed_13
1,20,128,14,ok,0,999,3.90234375,/home/shiqi/masterarbeit/RHCR/exp2/rhcr_baseline_windows_20260510_130204/sim_1_plan_20/agents_128/seed_14
1,20,128,15,ok,0,1006,3.9296875,/home/shiqi/masterarbeit/RHCR/exp2/rhcr_baseline_windows_20260510_130204/sim_1_plan_20/agents_128/seed_15
1,20,128,16,ok,0,1030,4.0234375,/home/shiqi/masterarbeit/RHCR/exp2/rhcr_baseline_windows_20260510_130204/sim_1_plan_20/agents_128/seed_16
1,20,128,17,ok,0,986,3.8515625,/home/shiqi/masterarbeit/RHCR/exp2/rhcr_baseline_windows_20260510_130204/sim_1_plan_20/agents_128/seed_17
1,20,128,18,ok,0,1025,4.00390625,/home/shiqi/masterarbeit/RHCR/exp2/rhcr_baseline_windows_20260510_130204/sim_1_plan_20/agents_128/seed_18
1,20,128,19,ok,0,997,3.89453125,/home/shiqi/masterarbeit/RHCR/exp2/rhcr_baseline_windows_20260510_130204/sim_1_plan_20/agents_128/seed_19
1,20,160,10,ok,0,1191,4.65234375,/home/shiqi/masterarbeit/RHCR/exp2/rhcr_baseline_windows_20260510_130204/sim_1_plan_20/agents_160/seed_10
1,20,160,11,ok,0,1204,4.703125,/home/shiqi/masterarbeit/RHCR/exp2/rhcr_baseline_windows_20260510_130204/sim_1_plan_20/agents_160/seed_11
1,20,160,12,ok,0,1178,4.6015625,/home/shiqi/masterarbeit/RHCR/exp2/rhcr_baseline_windows_20260510_130204/sim_1_plan_20/agents_160/seed_12
1,20,160,13,ok,0,1140,4.453125,/home/shiqi/masterarbeit/RHCR/exp2/rhcr_baseline_windows_20260510_130204/sim_1_plan_20/agents_160/seed_13
1,20,160,14,ok,0,1182,4.6171875,/home/shiqi/masterarbeit/RHCR/exp2/rhcr_baseline_windows_20260510_130204/sim_1_plan_20/agents_160/seed_14
1,20,160,15,ok,0,1195,4.66796875,/home/shiqi/masterarbeit/RHCR/exp2/rhcr_baseline_windows_20260510_130204/sim_1_plan_20/agents_160/seed_15
1,20,160,16,ok,0,1196,4.671875,/home/shiqi/masterarbeit/RHCR/exp2/rhcr_baseline_windows_20260510_130204/sim_1_plan_20/agents_160/seed_16
1,20,160,17,ok,0,1135,4.43359375,/home/shiqi/masterarbeit/RHCR/exp2/rhcr_baseline_windows_20260510_130204/sim_1_plan_20/agents_160/seed_17
1,20,160,18,ok,0,1138,4.4453125,/home/shiqi/masterarbeit/RHCR/exp2/rhcr_baseline_windows_20260510_130204/sim_1_plan_20/agents_160/seed_18
1,20,160,19,ok,0,1101,4.30078125,/home/shiqi/masterarbeit/RHCR/exp2/rhcr_baseline_windows_20260510_130204/sim_1_plan_20/agents_160/seed_19
1,20,192,10,ok,0,1308,5.109375,/home/shiqi/masterarbeit/RHCR/exp2/rhcr_baseline_windows_20260510_130204/sim_1_plan_20/agents_192/seed_10
1,20,192,11,ok,0,1334,5.2109375,/home/shiqi/masterarbeit/RHCR/exp2/rhcr_baseline_windows_20260510_130204/sim_1_plan_20/agents_192/seed_11
1,20,192,12,ok,0,1272,4.96875,/home/shiqi/masterarbeit/RHCR/exp2/rhcr_baseline_windows_20260510_130204/sim_1_plan_20/agents_192/seed_12
1,20,192,13,ok,0,1327,5.18359375,/home/shiqi/masterarbeit/RHCR/exp2/rhcr_baseline_windows_20260510_130204/sim_1_plan_20/agents_192/seed_13
1,20,192,14,ok,0,1278,4.9921875,/home/shiqi/masterarbeit/RHCR/exp2/rhcr_baseline_windows_20260510_130204/sim_1_plan_20/agents_192/seed_14
1,20,192,15,ok,0,1305,5.09765625,/home/shiqi/masterarbeit/RHCR/exp2/rhcr_baseline_windows_20260510_130204/sim_1_plan_20/agents_192/seed_15
1,20,192,16,ok,0,1220,4.765625,/home/shiqi/masterarbeit/RHCR/exp2/rhcr_baseline_windows_20260510_130204/sim_1_plan_20/agents_192/seed_16
1,20,192,17,ok,0,1311,5.12109375,/home/shiqi/masterarbeit/RHCR/exp2/rhcr_baseline_windows_20260510_130204/sim_1_plan_20/agents_192/seed_17
1,20,192,18,ok,0,1304,5.09375,/home/shiqi/masterarbeit/RHCR/exp2/rhcr_baseline_windows_20260510_130204/sim_1_plan_20/agents_192/seed_18
1,20,192,19,ok,0,1298,5.0703125,/home/shiqi/masterarbeit/RHCR/exp2/rhcr_baseline_windows_20260510_130204/sim_1_plan_20/agents_192/seed_19
5,5,32,10,ok,0,316,1.234375,/home/shiqi/masterarbeit/RHCR/exp2/rhcr_baseline_windows_20260510_130204/sim_5_plan_5/agents_32/seed_10
5,5,32,11,ok,0,325,1.26953125,/home/shiqi/masterarbeit/RHCR/exp2/rhcr_baseline_windows_20260510_130204/sim_5_plan_5/agents_32/seed_11
5,5,32,12,ok,0,299,1.16796875,/home/shiqi/masterarbeit/RHCR/exp2/rhcr_baseline_windows_20260510_130204/sim_5_plan_5/agents_32/seed_12
5,5,32,13,ok,0,320,1.25,/home/shiqi/masterarbeit/RHCR/exp2/rhcr_baseline_windows_20260510_130204/sim_5_plan_5/agents_32/seed_13
5,5,32,14,ok,0,312,1.21875,/home/shiqi/masterarbeit/RHCR/exp2/rhcr_baseline_windows_20260510_130204/sim_5_plan_5/agents_32/seed_14
5,5,32,15,ok,0,336,1.3125,/home/shiqi/masterarbeit/RHCR/exp2/rhcr_baseline_windows_20260510_130204/sim_5_plan_5/agents_32/seed_15
5,5,32,16,ok,0,311,1.21484375,/home/shiqi/masterarbeit/RHCR/exp2/rhcr_baseline_windows_20260510_130204/sim_5_plan_5/agents_32/seed_16
5,5,32,17,ok,0,317,1.23828125,/home/shiqi/masterarbeit/RHCR/exp2/rhcr_baseline_windows_20260510_130204/sim_5_plan_5/agents_32/seed_17
5,5,32,18,ok,0,310,1.2109375,/home/shiqi/masterarbeit/RHCR/exp2/rhcr_baseline_windows_20260510_130204/sim_5_plan_5/agents_32/seed_18
5,5,32,19,ok,0,317,1.23828125,/home/shiqi/masterarbeit/RHCR/exp2/rhcr_baseline_windows_20260510_130204/sim_5_plan_5/agents_32/seed_19
5,5,64,10,ok,0,566,2.2109375,/home/shiqi/masterarbeit/RHCR/exp2/rhcr_baseline_windows_20260510_130204/sim_5_plan_5/agents_64/seed_10
5,5,64,11,ok,0,572,2.234375,/home/shiqi/masterarbeit/RHCR/exp2/rhcr_baseline_windows_20260510_130204/sim_5_plan_5/agents_64/seed_11
5,5,64,12,ok,0,604,2.359375,/home/shiqi/masterarbeit/RHCR/exp2/rhcr_baseline_windows_20260510_130204/sim_5_plan_5/agents_64/seed_12
5,5,64,13,ok,0,592,2.3125,/home/shiqi/masterarbeit/RHCR/exp2/rhcr_baseline_windows_20260510_130204/sim_5_plan_5/agents_64/seed_13
5,5,64,14,ok,0,593,2.31640625,/home/shiqi/masterarbeit/RHCR/exp2/rhcr_baseline_windows_20260510_130204/sim_5_plan_5/agents_64/seed_14
5,5,64,15,ok,0,568,2.21875,/home/shiqi/masterarbeit/RHCR/exp2/rhcr_baseline_windows_20260510_130204/sim_5_plan_5/agents_64/seed_15
5,5,64,16,ok,0,578,2.2578125,/home/shiqi/masterarbeit/RHCR/exp2/rhcr_baseline_windows_20260510_130204/sim_5_plan_5/agents_64/seed_16
5,5,64,17,ok,0,597,2.33203125,/home/shiqi/masterarbeit/RHCR/exp2/rhcr_baseline_windows_20260510_130204/sim_5_plan_5/agents_64/seed_17
5,5,64,18,ok,0,577,2.25390625,/home/shiqi/masterarbeit/RHCR/exp2/rhcr_baseline_windows_20260510_130204/sim_5_plan_5/agents_64/seed_18
5,5,64,19,ok,0,586,2.2890625,/home/shiqi/masterarbeit/RHCR/exp2/rhcr_baseline_windows_20260510_130204/sim_5_plan_5/agents_64/seed_19
5,5,96,10,ok,0,399,1.55859375,/home/shiqi/masterarbeit/RHCR/exp2/rhcr_baseline_windows_20260510_130204/sim_5_plan_5/agents_96/seed_10
5,5,96,11,ok,0,725,2.83203125,/home/shiqi/masterarbeit/RHCR/exp2/rhcr_baseline_windows_20260510_130204/sim_5_plan_5/agents_96/seed_11
5,5,96,12,ok,0,716,2.796875,/home/shiqi/masterarbeit/RHCR/exp2/rhcr_baseline_windows_20260510_130204/sim_5_plan_5/agents_96/seed_12
5,5,96,13,ok,0,725,2.83203125,/home/shiqi/masterarbeit/RHCR/exp2/rhcr_baseline_windows_20260510_130204/sim_5_plan_5/agents_96/seed_13
5,5,96,14,ok,0,795,3.10546875,/home/shiqi/masterarbeit/RHCR/exp2/rhcr_baseline_windows_20260510_130204/sim_5_plan_5/agents_96/seed_14
5,5,96,15,ok,0,766,2.9921875,/home/shiqi/masterarbeit/RHCR/exp2/rhcr_baseline_windows_20260510_130204/sim_5_plan_5/agents_96/seed_15
5,5,96,16,ok,0,726,2.8359375,/home/shiqi/masterarbeit/RHCR/exp2/rhcr_baseline_windows_20260510_130204/sim_5_plan_5/agents_96/seed_16
5,5,96,17,ok,0,336,1.3125,/home/shiqi/masterarbeit/RHCR/exp2/rhcr_baseline_windows_20260510_130204/sim_5_plan_5/agents_96/seed_17
5,5,96,18,ok,0,218,0.8515625,/home/shiqi/masterarbeit/RHCR/exp2/rhcr_baseline_windows_20260510_130204/sim_5_plan_5/agents_96/seed_18
5,5,96,19,ok,0,365,1.42578125,/home/shiqi/masterarbeit/RHCR/exp2/rhcr_baseline_windows_20260510_130204/sim_5_plan_5/agents_96/seed_19
5,5,128,10,ok,0,579,2.26171875,/home/shiqi/masterarbeit/RHCR/exp2/rhcr_baseline_windows_20260510_130204/sim_5_plan_5/agents_128/seed_10
5,5,128,11,ok,0,354,1.3828125,/home/shiqi/masterarbeit/RHCR/exp2/rhcr_baseline_windows_20260510_130204/sim_5_plan_5/agents_128/seed_11
5,5,128,12,ok,0,370,1.4453125,/home/shiqi/masterarbeit/RHCR/exp2/rhcr_baseline_windows_20260510_130204/sim_5_plan_5/agents_128/seed_12
5,5,128,13,ok,0,329,1.28515625,/home/shiqi/masterarbeit/RHCR/exp2/rhcr_baseline_windows_20260510_130204/sim_5_plan_5/agents_128/seed_13
5,5,128,14,ok,0,535,2.08984375,/home/shiqi/masterarbeit/RHCR/exp2/rhcr_baseline_windows_20260510_130204/sim_5_plan_5/agents_128/seed_14
5,5,128,15,ok,0,377,1.47265625,/home/shiqi/masterarbeit/RHCR/exp2/rhcr_baseline_windows_20260510_130204/sim_5_plan_5/agents_128/seed_15
5,5,128,16,ok,0,355,1.38671875,/home/shiqi/masterarbeit/RHCR/exp2/rhcr_baseline_windows_20260510_130204/sim_5_plan_5/agents_128/seed_16
5,5,128,17,ok,0,428,1.671875,/home/shiqi/masterarbeit/RHCR/exp2/rhcr_baseline_windows_20260510_130204/sim_5_plan_5/agents_128/seed_17
5,5,128,18,ok,0,242,0.9453125,/home/shiqi/masterarbeit/RHCR/exp2/rhcr_baseline_windows_20260510_130204/sim_5_plan_5/agents_128/seed_18
5,5,128,19,ok,0,193,0.75390625,/home/shiqi/masterarbeit/RHCR/exp2/rhcr_baseline_windows_20260510_130204/sim_5_plan_5/agents_128/seed_19
5,5,160,10,ok,0,266,1.0390625,/home/shiqi/masterarbeit/RHCR/exp2/rhcr_baseline_windows_20260510_130204/sim_5_plan_5/agents_160/seed_10
5,5,160,11,ok,0,261,1.01953125,/home/shiqi/masterarbeit/RHCR/exp2/rhcr_baseline_windows_20260510_130204/sim_5_plan_5/agents_160/seed_11
5,5,160,12,ok,0,431,1.68359375,/home/shiqi/masterarbeit/RHCR/exp2/rhcr_baseline_windows_20260510_130204/sim_5_plan_5/agents_160/seed_12
5,5,160,13,ok,0,325,1.26953125,/home/shiqi/masterarbeit/RHCR/exp2/rhcr_baseline_windows_20260510_130204/sim_5_plan_5/agents_160/seed_13
5,5,160,14,ok,0,216,0.84375,/home/shiqi/masterarbeit/RHCR/exp2/rhcr_baseline_windows_20260510_130204/sim_5_plan_5/agents_160/seed_14
5,5,160,15,ok,0,227,0.88671875,/home/shiqi/masterarbeit/RHCR/exp2/rhcr_baseline_windows_20260510_130204/sim_5_plan_5/agents_160/seed_15
5,5,160,16,ok,0,250,0.9765625,/home/shiqi/masterarbeit/RHCR/exp2/rhcr_baseline_windows_20260510_130204/sim_5_plan_5/agents_160/seed_16
5,5,160,17,ok,0,224,0.875,/home/shiqi/masterarbeit/RHCR/exp2/rhcr_baseline_windows_20260510_130204/sim_5_plan_5/agents_160/seed_17
5,5,160,18,ok,0,249,0.97265625,/home/shiqi/masterarbeit/RHCR/exp2/rhcr_baseline_windows_20260510_130204/sim_5_plan_5/agents_160/seed_18
5,5,160,19,ok,0,244,0.953125,/home/shiqi/masterarbeit/RHCR/exp2/rhcr_baseline_windows_20260510_130204/sim_5_plan_5/agents_160/seed_19
5,5,192,10,ok,0,220,0.859375,/home/shiqi/masterarbeit/RHCR/exp2/rhcr_baseline_windows_20260510_130204/sim_5_plan_5/agents_192/seed_10
5,5,192,11,ok,0,260,1.015625,/home/shiqi/masterarbeit/RHCR/exp2/rhcr_baseline_windows_20260510_130204/sim_5_plan_5/agents_192/seed_11
5,5,192,12,ok,0,223,0.87109375,/home/shiqi/masterarbeit/RHCR/exp2/rhcr_baseline_windows_20260510_130204/sim_5_plan_5/agents_192/seed_12
5,5,192,13,ok,0,263,1.02734375,/home/shiqi/masterarbeit/RHCR/exp2/rhcr_baseline_windows_20260510_130204/sim_5_plan_5/agents_192/seed_13
5,5,192,14,ok,0,245,0.95703125,/home/shiqi/masterarbeit/RHCR/exp2/rhcr_baseline_windows_20260510_130204/sim_5_plan_5/agents_192/seed_14
5,5,192,15,ok,0,250,0.9765625,/home/shiqi/masterarbeit/RHCR/exp2/rhcr_baseline_windows_20260510_130204/sim_5_plan_5/agents_192/seed_15
5,5,192,16,ok,0,133,0.51953125,/home/shiqi/masterarbeit/RHCR/exp2/rhcr_baseline_windows_20260510_130204/sim_5_plan_5/agents_192/seed_16
5,5,192,17,ok,0,221,0.86328125,/home/shiqi/masterarbeit/RHCR/exp2/rhcr_baseline_windows_20260510_130204/sim_5_plan_5/agents_192/seed_17
5,5,192,18,ok,0,227,0.88671875,/home/shiqi/masterarbeit/RHCR/exp2/rhcr_baseline_windows_20260510_130204/sim_5_plan_5/agents_192/seed_18
5,5,192,19,ok,0,186,0.7265625,/home/shiqi/masterarbeit/RHCR/exp2/rhcr_baseline_windows_20260510_130204/sim_5_plan_5/agents_192/seed_19
5,10,32,10,ok,0,327,1.27734375,/home/shiqi/masterarbeit/RHCR/exp2/rhcr_baseline_windows_20260510_130204/sim_5_plan_10/agents_32/seed_10
5,10,32,11,ok,0,317,1.23828125,/home/shiqi/masterarbeit/RHCR/exp2/rhcr_baseline_windows_20260510_130204/sim_5_plan_10/agents_32/seed_11
5,10,32,12,ok,0,318,1.2421875,/home/shiqi/masterarbeit/RHCR/exp2/rhcr_baseline_windows_20260510_130204/sim_5_plan_10/agents_32/seed_12
5,10,32,13,ok,0,325,1.26953125,/home/shiqi/masterarbeit/RHCR/exp2/rhcr_baseline_windows_20260510_130204/sim_5_plan_10/agents_32/seed_13
5,10,32,14,ok,0,322,1.2578125,/home/shiqi/masterarbeit/RHCR/exp2/rhcr_baseline_windows_20260510_130204/sim_5_plan_10/agents_32/seed_14
5,10,32,15,ok,0,319,1.24609375,/home/shiqi/masterarbeit/RHCR/exp2/rhcr_baseline_windows_20260510_130204/sim_5_plan_10/agents_32/seed_15
5,10,32,16,ok,0,329,1.28515625,/home/shiqi/masterarbeit/RHCR/exp2/rhcr_baseline_windows_20260510_130204/sim_5_plan_10/agents_32/seed_16
5,10,32,17,ok,0,318,1.2421875,/home/shiqi/masterarbeit/RHCR/exp2/rhcr_baseline_windows_20260510_130204/sim_5_plan_10/agents_32/seed_17
5,10,32,18,ok,0,317,1.23828125,/home/shiqi/masterarbeit/RHCR/exp2/rhcr_baseline_windows_20260510_130204/sim_5_plan_10/agents_32/seed_18
5,10,32,19,ok,0,313,1.22265625,/home/shiqi/masterarbeit/RHCR/exp2/rhcr_baseline_windows_20260510_130204/sim_5_plan_10/agents_32/seed_19
5,10,64,10,ok,0,589,2.30078125,/home/shiqi/masterarbeit/RHCR/exp2/rhcr_baseline_windows_20260510_130204/sim_5_plan_10/agents_64/seed_10
5,10,64,11,ok,0,584,2.28125,/home/shiqi/masterarbeit/RHCR/exp2/rhcr_baseline_windows_20260510_130204/sim_5_plan_10/agents_64/seed_11
5,10,64,12,ok,0,628,2.453125,/home/shiqi/masterarbeit/RHCR/exp2/rhcr_baseline_windows_20260510_130204/sim_5_plan_10/agents_64/seed_12
5,10,64,13,ok,0,594,2.3203125,/home/shiqi/masterarbeit/RHCR/exp2/rhcr_baseline_windows_20260510_130204/sim_5_plan_10/agents_64/seed_13
5,10,64,14,ok,0,592,2.3125,/home/shiqi/masterarbeit/RHCR/exp2/rhcr_baseline_windows_20260510_130204/sim_5_plan_10/agents_64/seed_14
5,10,64,15,ok,0,598,2.3359375,/home/shiqi/masterarbeit/RHCR/exp2/rhcr_baseline_windows_20260510_130204/sim_5_plan_10/agents_64/seed_15
5,10,64,16,ok,0,589,2.30078125,/home/shiqi/masterarbeit/RHCR/exp2/rhcr_baseline_windows_20260510_130204/sim_5_plan_10/agents_64/seed_16
5,10,64,17,ok,0,590,2.3046875,/home/shiqi/masterarbeit/RHCR/exp2/rhcr_baseline_windows_20260510_130204/sim_5_plan_10/agents_64/seed_17
5,10,64,18,ok,0,604,2.359375,/home/shiqi/masterarbeit/RHCR/exp2/rhcr_baseline_windows_20260510_130204/sim_5_plan_10/agents_64/seed_18
5,10,64,19,ok,0,600,2.34375,/home/shiqi/masterarbeit/RHCR/exp2/rhcr_baseline_windows_20260510_130204/sim_5_plan_10/agents_64/seed_19
5,10,96,10,ok,0,819,3.19921875,/home/shiqi/masterarbeit/RHCR/exp2/rhcr_baseline_windows_20260510_130204/sim_5_plan_10/agents_96/seed_10
5,10,96,11,ok,0,823,3.21484375,/home/shiqi/masterarbeit/RHCR/exp2/rhcr_baseline_windows_20260510_130204/sim_5_plan_10/agents_96/seed_11
5,10,96,12,ok,0,833,3.25390625,/home/shiqi/masterarbeit/RHCR/exp2/rhcr_baseline_windows_20260510_130204/sim_5_plan_10/agents_96/seed_12
5,10,96,13,ok,0,816,3.1875,/home/shiqi/masterarbeit/RHCR/exp2/rhcr_baseline_windows_20260510_130204/sim_5_plan_10/agents_96/seed_13
5,10,96,14,ok,0,830,3.2421875,/home/shiqi/masterarbeit/RHCR/exp2/rhcr_baseline_windows_20260510_130204/sim_5_plan_10/agents_96/seed_14
5,10,96,15,ok,0,811,3.16796875,/home/shiqi/masterarbeit/RHCR/exp2/rhcr_baseline_windows_20260510_130204/sim_5_plan_10/agents_96/seed_15
5,10,96,16,ok,0,805,3.14453125,/home/shiqi/masterarbeit/RHCR/exp2/rhcr_baseline_windows_20260510_130204/sim_5_plan_10/agents_96/seed_16
5,10,96,17,ok,0,810,3.1640625,/home/shiqi/masterarbeit/RHCR/exp2/rhcr_baseline_windows_20260510_130204/sim_5_plan_10/agents_96/seed_17
5,10,96,18,ok,0,806,3.1484375,/home/shiqi/masterarbeit/RHCR/exp2/rhcr_baseline_windows_20260510_130204/sim_5_plan_10/agents_96/seed_18
5,10,96,19,ok,0,822,3.2109375,/home/shiqi/masterarbeit/RHCR/exp2/rhcr_baseline_windows_20260510_130204/sim_5_plan_10/agents_96/seed_19
5,10,128,10,ok,0,961,3.75390625,/home/shiqi/masterarbeit/RHCR/exp2/rhcr_baseline_windows_20260510_130204/sim_5_plan_10/agents_128/seed_10
5,10,128,11,ok,0,931,3.63671875,/home/shiqi/masterarbeit/RHCR/exp2/rhcr_baseline_windows_20260510_130204/sim_5_plan_10/agents_128/seed_11
5,10,128,12,ok,0,926,3.6171875,/home/shiqi/masterarbeit/RHCR/exp2/rhcr_baseline_windows_20260510_130204/sim_5_plan_10/agents_128/seed_12
5,10,128,13,ok,0,982,3.8359375,/home/shiqi/masterarbeit/RHCR/exp2/rhcr_baseline_windows_20260510_130204/sim_5_plan_10/agents_128/seed_13
5,10,128,14,ok,0,982,3.8359375,/home/shiqi/masterarbeit/RHCR/exp2/rhcr_baseline_windows_20260510_130204/sim_5_plan_10/agents_128/seed_14
5,10,128,15,ok,0,917,3.58203125,/home/shiqi/masterarbeit/RHCR/exp2/rhcr_baseline_windows_20260510_130204/sim_5_plan_10/agents_128/seed_15
5,10,128,16,ok,0,931,3.63671875,/home/shiqi/masterarbeit/RHCR/exp2/rhcr_baseline_windows_20260510_130204/sim_5_plan_10/agents_128/seed_16
5,10,128,17,ok,0,989,3.86328125,/home/shiqi/masterarbeit/RHCR/exp2/rhcr_baseline_windows_20260510_130204/sim_5_plan_10/agents_128/seed_17
5,10,128,18,ok,0,974,3.8046875,/home/shiqi/masterarbeit/RHCR/exp2/rhcr_baseline_windows_20260510_130204/sim_5_plan_10/agents_128/seed_18
5,10,128,19,ok,0,872,3.40625,/home/shiqi/masterarbeit/RHCR/exp2/rhcr_baseline_windows_20260510_130204/sim_5_plan_10/agents_128/seed_19
5,10,160,10,ok,0,688,2.6875,/home/shiqi/masterarbeit/RHCR/exp2/rhcr_baseline_windows_20260510_130204/sim_5_plan_10/agents_160/seed_10
5,10,160,11,ok,0,891,3.48046875,/home/shiqi/masterarbeit/RHCR/exp2/rhcr_baseline_windows_20260510_130204/sim_5_plan_10/agents_160/seed_11
5,10,160,12,ok,0,937,3.66015625,/home/shiqi/masterarbeit/RHCR/exp2/rhcr_baseline_windows_20260510_130204/sim_5_plan_10/agents_160/seed_12
5,10,160,13,ok,0,855,3.33984375,/home/shiqi/masterarbeit/RHCR/exp2/rhcr_baseline_windows_20260510_130204/sim_5_plan_10/agents_160/seed_13
5,10,160,14,ok,0,985,3.84765625,/home/shiqi/masterarbeit/RHCR/exp2/rhcr_baseline_windows_20260510_130204/sim_5_plan_10/agents_160/seed_14
5,10,160,15,ok,0,1040,4.0625,/home/shiqi/masterarbeit/RHCR/exp2/rhcr_baseline_windows_20260510_130204/sim_5_plan_10/agents_160/seed_15
5,10,160,16,ok,0,934,3.6484375,/home/shiqi/masterarbeit/RHCR/exp2/rhcr_baseline_windows_20260510_130204/sim_5_plan_10/agents_160/seed_16
5,10,160,17,ok,0,898,3.5078125,/home/shiqi/masterarbeit/RHCR/exp2/rhcr_baseline_windows_20260510_130204/sim_5_plan_10/agents_160/seed_17
5,10,160,18,ok,0,597,2.33203125,/home/shiqi/masterarbeit/RHCR/exp2/rhcr_baseline_windows_20260510_130204/sim_5_plan_10/agents_160/seed_18
5,10,160,19,ok,0,860,3.359375,/home/shiqi/masterarbeit/RHCR/exp2/rhcr_baseline_windows_20260510_130204/sim_5_plan_10/agents_160/seed_19
5,10,192,10,ok,0,542,2.1171875,/home/shiqi/masterarbeit/RHCR/exp2/rhcr_baseline_windows_20260510_130204/sim_5_plan_10/agents_192/seed_10
5,10,192,11,ok,0,812,3.171875,/home/shiqi/masterarbeit/RHCR/exp2/rhcr_baseline_windows_20260510_130204/sim_5_plan_10/agents_192/seed_11
5,10,192,12,ok,0,379,1.48046875,/home/shiqi/masterarbeit/RHCR/exp2/rhcr_baseline_windows_20260510_130204/sim_5_plan_10/agents_192/seed_12
5,10,192,13,ok,0,567,2.21484375,/home/shiqi/masterarbeit/RHCR/exp2/rhcr_baseline_windows_20260510_130204/sim_5_plan_10/agents_192/seed_13
5,10,192,14,ok,0,666,2.6015625,/home/shiqi/masterarbeit/RHCR/exp2/rhcr_baseline_windows_20260510_130204/sim_5_plan_10/agents_192/seed_14
5,10,192,15,ok,0,600,2.34375,/home/shiqi/masterarbeit/RHCR/exp2/rhcr_baseline_windows_20260510_130204/sim_5_plan_10/agents_192/seed_15
5,10,192,16,ok,0,677,2.64453125,/home/shiqi/masterarbeit/RHCR/exp2/rhcr_baseline_windows_20260510_130204/sim_5_plan_10/agents_192/seed_16
5,10,192,17,ok,0,565,2.20703125,/home/shiqi/masterarbeit/RHCR/exp2/rhcr_baseline_windows_20260510_130204/sim_5_plan_10/agents_192/seed_17
5,10,192,18,ok,0,582,2.2734375,/home/shiqi/masterarbeit/RHCR/exp2/rhcr_baseline_windows_20260510_130204/sim_5_plan_10/agents_192/seed_18
5,10,192,19,ok,0,563,2.19921875,/home/shiqi/masterarbeit/RHCR/exp2/rhcr_baseline_windows_20260510_130204/sim_5_plan_10/agents_192/seed_19
5,20,32,10,ok,0,328,1.28125,/home/shiqi/masterarbeit/RHCR/exp2/rhcr_baseline_windows_20260510_130204/sim_5_plan_20/agents_32/seed_10
5,20,32,11,ok,0,311,1.21484375,/home/shiqi/masterarbeit/RHCR/exp2/rhcr_baseline_windows_20260510_130204/sim_5_plan_20/agents_32/seed_11
5,20,32,12,ok,0,332,1.296875,/home/shiqi/masterarbeit/RHCR/exp2/rhcr_baseline_windows_20260510_130204/sim_5_plan_20/agents_32/seed_12
5,20,32,13,ok,0,325,1.26953125,/home/shiqi/masterarbeit/RHCR/exp2/rhcr_baseline_windows_20260510_130204/sim_5_plan_20/agents_32/seed_13
5,20,32,14,ok,0,327,1.27734375,/home/shiqi/masterarbeit/RHCR/exp2/rhcr_baseline_windows_20260510_130204/sim_5_plan_20/agents_32/seed_14
5,20,32,15,ok,0,327,1.27734375,/home/shiqi/masterarbeit/RHCR/exp2/rhcr_baseline_windows_20260510_130204/sim_5_plan_20/agents_32/seed_15
5,20,32,16,ok,0,316,1.234375,/home/shiqi/masterarbeit/RHCR/exp2/rhcr_baseline_windows_20260510_130204/sim_5_plan_20/agents_32/seed_16
5,20,32,17,ok,0,319,1.24609375,/home/shiqi/masterarbeit/RHCR/exp2/rhcr_baseline_windows_20260510_130204/sim_5_plan_20/agents_32/seed_17
5,20,32,18,ok,0,321,1.25390625,/home/shiqi/masterarbeit/RHCR/exp2/rhcr_baseline_windows_20260510_130204/sim_5_plan_20/agents_32/seed_18
5,20,32,19,ok,0,324,1.265625,/home/shiqi/masterarbeit/RHCR/exp2/rhcr_baseline_windows_20260510_130204/sim_5_plan_20/agents_32/seed_19
5,20,64,10,ok,0,610,2.3828125,/home/shiqi/masterarbeit/RHCR/exp2/rhcr_baseline_windows_20260510_130204/sim_5_plan_20/agents_64/seed_10
5,20,64,11,ok,0,605,2.36328125,/home/shiqi/masterarbeit/RHCR/exp2/rhcr_baseline_windows_20260510_130204/sim_5_plan_20/agents_64/seed_11
5,20,64,12,ok,0,607,2.37109375,/home/shiqi/masterarbeit/RHCR/exp2/rhcr_baseline_windows_20260510_130204/sim_5_plan_20/agents_64/seed_12
5,20,64,13,ok,0,629,2.45703125,/home/shiqi/masterarbeit/RHCR/exp2/rhcr_baseline_windows_20260510_130204/sim_5_plan_20/agents_64/seed_13
5,20,64,14,ok,0,601,2.34765625,/home/shiqi/masterarbeit/RHCR/exp2/rhcr_baseline_windows_20260510_130204/sim_5_plan_20/agents_64/seed_14
5,20,64,15,ok,0,622,2.4296875,/home/shiqi/masterarbeit/RHCR/exp2/rhcr_baseline_windows_20260510_130204/sim_5_plan_20/agents_64/seed_15
5,20,64,16,ok,0,596,2.328125,/home/shiqi/masterarbeit/RHCR/exp2/rhcr_baseline_windows_20260510_130204/sim_5_plan_20/agents_64/seed_16
5,20,64,17,ok,0,605,2.36328125,/home/shiqi/masterarbeit/RHCR/exp2/rhcr_baseline_windows_20260510_130204/sim_5_plan_20/agents_64/seed_17
5,20,64,18,ok,0,605,2.36328125,/home/shiqi/masterarbeit/RHCR/exp2/rhcr_baseline_windows_20260510_130204/sim_5_plan_20/agents_64/seed_18
5,20,64,19,ok,0,611,2.38671875,/home/shiqi/masterarbeit/RHCR/exp2/rhcr_baseline_windows_20260510_130204/sim_5_plan_20/agents_64/seed_19
5,20,96,10,ok,0,846,3.3046875,/home/shiqi/masterarbeit/RHCR/exp2/rhcr_baseline_windows_20260510_130204/sim_5_plan_20/agents_96/seed_10
5,20,96,11,ok,0,857,3.34765625,/home/shiqi/masterarbeit/RHCR/exp2/rhcr_baseline_windows_20260510_130204/sim_5_plan_20/agents_96/seed_11
5,20,96,12,ok,0,842,3.2890625,/home/shiqi/masterarbeit/RHCR/exp2/rhcr_baseline_windows_20260510_130204/sim_5_plan_20/agents_96/seed_12
5,20,96,13,ok,0,860,3.359375,/home/shiqi/masterarbeit/RHCR/exp2/rhcr_baseline_windows_20260510_130204/sim_5_plan_20/agents_96/seed_13
5,20,96,14,ok,0,853,3.33203125,/home/shiqi/masterarbeit/RHCR/exp2/rhcr_baseline_windows_20260510_130204/sim_5_plan_20/agents_96/seed_14
5,20,96,15,ok,0,841,3.28515625,/home/shiqi/masterarbeit/RHCR/exp2/rhcr_baseline_windows_20260510_130204/sim_5_plan_20/agents_96/seed_15
5,20,96,16,ok,0,855,3.33984375,/home/shiqi/masterarbeit/RHCR/exp2/rhcr_baseline_windows_20260510_130204/sim_5_plan_20/agents_96/seed_16
5,20,96,17,ok,0,842,3.2890625,/home/shiqi/masterarbeit/RHCR/exp2/rhcr_baseline_windows_20260510_130204/sim_5_plan_20/agents_96/seed_17
5,20,96,18,ok,0,888,3.46875,/home/shiqi/masterarbeit/RHCR/exp2/rhcr_baseline_windows_20260510_130204/sim_5_plan_20/agents_96/seed_18
5,20,96,19,ok,0,845,3.30078125,/home/shiqi/masterarbeit/RHCR/exp2/rhcr_baseline_windows_20260510_130204/sim_5_plan_20/agents_96/seed_19
5,20,128,10,ok,0,1060,4.140625,/home/shiqi/masterarbeit/RHCR/exp2/rhcr_baseline_windows_20260510_130204/sim_5_plan_20/agents_128/seed_10
5,20,128,11,ok,0,1043,4.07421875,/home/shiqi/masterarbeit/RHCR/exp2/rhcr_baseline_windows_20260510_130204/sim_5_plan_20/agents_128/seed_11
5,20,128,12,ok,0,1057,4.12890625,/home/shiqi/masterarbeit/RHCR/exp2/rhcr_baseline_windows_20260510_130204/sim_5_plan_20/agents_128/seed_12
5,20,128,13,ok,0,1101,4.30078125,/home/shiqi/masterarbeit/RHCR/exp2/rhcr_baseline_windows_20260510_130204/sim_5_plan_20/agents_128/seed_13
5,20,128,14,ok,0,1079,4.21484375,/home/shiqi/masterarbeit/RHCR/exp2/rhcr_baseline_windows_20260510_130204/sim_5_plan_20/agents_128/seed_14
5,20,128,15,ok,0,1078,4.2109375,/home/shiqi/masterarbeit/RHCR/exp2/rhcr_baseline_windows_20260510_130204/sim_5_plan_20/agents_128/seed_15
5,20,128,16,ok,0,1089,4.25390625,/home/shiqi/masterarbeit/RHCR/exp2/rhcr_baseline_windows_20260510_130204/sim_5_plan_20/agents_128/seed_16
5,20,128,17,ok,0,1064,4.15625,/home/shiqi/masterarbeit/RHCR/exp2/rhcr_baseline_windows_20260510_130204/sim_5_plan_20/agents_128/seed_17
5,20,128,18,ok,0,1043,4.07421875,/home/shiqi/masterarbeit/RHCR/exp2/rhcr_baseline_windows_20260510_130204/sim_5_plan_20/agents_128/seed_18
5,20,128,19,ok,0,1069,4.17578125,/home/shiqi/masterarbeit/RHCR/exp2/rhcr_baseline_windows_20260510_130204/sim_5_plan_20/agents_128/seed_19
5,20,160,10,ok,0,1239,4.83984375,/home/shiqi/masterarbeit/RHCR/exp2/rhcr_baseline_windows_20260510_130204/sim_5_plan_20/agents_160/seed_10
5,20,160,11,ok,0,1279,4.99609375,/home/shiqi/masterarbeit/RHCR/exp2/rhcr_baseline_windows_20260510_130204/sim_5_plan_20/agents_160/seed_11
5,20,160,12,ok,0,1243,4.85546875,/home/shiqi/masterarbeit/RHCR/exp2/rhcr_baseline_windows_20260510_130204/sim_5_plan_20/agents_160/seed_12
5,20,160,13,ok,0,1244,4.859375,/home/shiqi/masterarbeit/RHCR/exp2/rhcr_baseline_windows_20260510_130204/sim_5_plan_20/agents_160/seed_13
5,20,160,14,ok,0,1247,4.87109375,/home/shiqi/masterarbeit/RHCR/exp2/rhcr_baseline_windows_20260510_130204/sim_5_plan_20/agents_160/seed_14
5,20,160,15,ok,0,1242,4.8515625,/home/shiqi/masterarbeit/RHCR/exp2/rhcr_baseline_windows_20260510_130204/sim_5_plan_20/agents_160/seed_15
5,20,160,16,ok,0,1241,4.84765625,/home/shiqi/masterarbeit/RHCR/exp2/rhcr_baseline_windows_20260510_130204/sim_5_plan_20/agents_160/seed_16
5,20,160,17,ok,0,1254,4.8984375,/home/shiqi/masterarbeit/RHCR/exp2/rhcr_baseline_windows_20260510_130204/sim_5_plan_20/agents_160/seed_17
5,20,160,18,ok,0,1262,4.9296875,/home/shiqi/masterarbeit/RHCR/exp2/rhcr_baseline_windows_20260510_130204/sim_5_plan_20/agents_160/seed_18
5,20,160,19,ok,0,1225,4.78515625,/home/shiqi/masterarbeit/RHCR/exp2/rhcr_baseline_windows_20260510_130204/sim_5_plan_20/agents_160/seed_19
5,20,192,10,ok,0,1417,5.53515625,/home/shiqi/masterarbeit/RHCR/exp2/rhcr_baseline_windows_20260510_130204/sim_5_plan_20/agents_192/seed_10
5,20,192,11,ok,0,1433,5.59765625,/home/shiqi/masterarbeit/RHCR/exp2/rhcr_baseline_windows_20260510_130204/sim_5_plan_20/agents_192/seed_11
5,20,192,12,ok,0,1439,5.62109375,/home/shiqi/masterarbeit/RHCR/exp2/rhcr_baseline_windows_20260510_130204/sim_5_plan_20/agents_192/seed_12
5,20,192,13,ok,0,1404,5.484375,/home/shiqi/masterarbeit/RHCR/exp2/rhcr_baseline_windows_20260510_130204/sim_5_plan_20/agents_192/seed_13
5,20,192,14,ok,0,1410,5.5078125,/home/shiqi/masterarbeit/RHCR/exp2/rhcr_baseline_windows_20260510_130204/sim_5_plan_20/agents_192/seed_14
5,20,192,15,ok,0,1414,5.5234375,/home/shiqi/masterarbeit/RHCR/exp2/rhcr_baseline_windows_20260510_130204/sim_5_plan_20/agents_192/seed_15
5,20,192,16,ok,0,1418,5.5390625,/home/shiqi/masterarbeit/RHCR/exp2/rhcr_baseline_windows_20260510_130204/sim_5_plan_20/agents_192/seed_16
5,20,192,17,ok,0,1391,5.43359375,/home/shiqi/masterarbeit/RHCR/exp2/rhcr_baseline_windows_20260510_130204/sim_5_plan_20/agents_192/seed_17
5,20,192,18,ok,0,1392,5.4375,/home/shiqi/masterarbeit/RHCR/exp2/rhcr_baseline_windows_20260510_130204/sim_5_plan_20/agents_192/seed_18
5,20,192,19,ok,0,1375,5.37109375,/home/shiqi/masterarbeit/RHCR/exp2/rhcr_baseline_windows_20260510_130204/sim_5_plan_20/agents_192/seed_19
