simulation_window,planning_window,num_agents,seed,status,returncode,completed_tasks,throughput_per_step,mean_solver_time,total_solver_time,planning_calls
1,5,96,10,ok,0,466,1.8203125,0.008315882812499995,2.1288659999999986,256
1,5,96,11,ok,0,454,1.7734375,0.008304765624999997,2.126019999999999,256
1,5,96,12,ok,0,455,1.77734375,0.008381523437499996,2.145669999999999,256
1,5,96,13,ok,0,476,1.859375,0.00811216796875,2.076715,256
1,5,96,14,ok,0,446,1.7421875,0.008273734375000005,2.118076000000001,256
1,5,96,15,ok,0,465,1.81640625,0.00809453125,2.0722,256
1,5,96,16,ok,0,469,1.83203125,0.007952539062500003,2.035850000000001,256
1,5,96,17,ok,0,451,1.76171875,0.008525148437499994,2.1824379999999985,256
1,5,96,18,ok,0,472,1.84375,0.007934191406249996,2.031152999999999,256
1,5,96,19,ok,0,458,1.7890625,0.008179542968749995,2.0939629999999987,256
1,5,128,10,ok,0,616,2.40625,0.0149939765625,3.838458,256
1,5,128,11,ok,0,613,2.39453125,0.015083332031249995,3.861332999999999,256
1,5,128,12,ok,0,640,2.5,0.01570460156249999,4.020377999999997,256
1,5,128,13,ok,0,593,2.31640625,0.015805695312500007,4.046258000000002,256
1,5,128,14,ok,0,611,2.38671875,0.015334390624999993,3.925603999999998,256
1,5,128,15,ok,0,607,2.37109375,0.015385648437500002,3.9387260000000004,256
1,5,128,16,ok,0,611,2.38671875,0.01641296484375,4.201719,256
1,5,128,17,ok,0,622,2.4296875,0.014802800781249991,3.789516999999998,256
1,5,128,18,ok,0,582,2.2734375,0.0163706796875,4.190894,256
1,5,128,19,ok,0,625,2.44140625,0.0153400078125,3.927042,256
1,5,160,10,ok,0,745,2.91015625,0.027810156250000002,7.119400000000001,256
1,5,160,11,ok,0,739,2.88671875,0.02684654296874999,6.872714999999998,256
1,5,160,12,ok,0,787,3.07421875,0.027086218749999984,6.934071999999996,256
1,5,160,13,ok,0,725,2.83203125,0.027916050781249976,7.146508999999994,256
1,5,160,14,ok,0,729,2.84765625,0.027638226562500003,7.075386000000001,256
1,5,160,15,ok,0,734,2.8671875,0.0264988359375,6.783702,256
1,5,160,16,ok,0,755,2.94921875,0.027092175781250005,6.935597000000001,256
1,5,160,17,ok,0,746,2.9140625,0.0274165234375,7.01863,256
1,5,160,18,ok,0,727,2.83984375,0.027563863281250007,7.056349000000002,256
1,5,160,19,ok,0,733,2.86328125,0.027646507812500005,7.077506000000001,256
1,5,192,10,ok,0,894,3.4921875,0.04441980859374998,11.371470999999994,256
1,5,192,11,ok,0,842,3.2890625,0.05016074218750006,12.841150000000015,256
1,5,192,12,ok,0,896,3.5,0.04226224609375001,10.819135000000003,256
1,5,192,13,ok,0,849,3.31640625,0.046272500000000015,11.845760000000004,256
1,5,192,14,ok,0,899,3.51171875,0.043082421874999964,11.02909999999999,256
1,5,192,15,ok,0,878,3.4296875,0.04609205078125003,11.799565000000008,256
1,5,192,16,ok,0,876,3.421875,0.04268623437499997,10.927675999999993,256
1,5,192,17,ok,0,899,3.51171875,0.04133426171875003,10.581571000000007,256
1,5,192,18,ok,0,875,3.41796875,0.044918773437499976,11.499205999999994,256
1,5,192,19,ok,0,865,3.37890625,0.0482355078125,12.34829,256
1,5,224,10,ok,0,999,3.90234375,0.07115463281250006,18.215586000000016,256
1,5,224,11,ok,0,988,3.859375,0.07489012890625003,19.17187300000001,256
1,5,224,12,ok,0,996,3.890625,0.07401114843750004,18.94685400000001,256
1,5,224,13,ok,0,964,3.765625,0.07417788671874999,18.989538999999997,256
1,5,224,14,ok,0,996,3.890625,0.0734355546875,18.799502,256
1,5,224,15,ok,0,994,3.8828125,0.06790681640625,17.384145,256
1,5,224,16,ok,0,989,3.86328125,0.0917522421875,23.488574,256
1,5,224,17,ok,0,878,3.4296875,0.15806069531250003,40.46353800000001,256
1,5,224,18,ok,0,972,3.796875,0.07966689843750001,20.394726000000002,256
1,5,224,19,ok,0,1003,3.91796875,0.071350921875,18.265836,256
1,10,96,10,ok,0,466,1.8203125,0.012448687499999996,3.186863999999999,256
1,10,96,11,ok,0,479,1.87109375,0.011369999999999995,2.9107199999999986,256
1,10,96,12,ok,0,494,1.9296875,0.01183278515624999,3.0291929999999976,256
1,10,96,13,ok,0,459,1.79296875,0.012304640624999997,3.149987999999999,256
1,10,96,14,ok,0,444,1.734375,0.01192262890625,3.052193,256
1,10,96,15,ok,0,466,1.8203125,0.011839210937500002,3.0308380000000006,256
1,10,96,16,ok,0,474,1.8515625,0.011745285156249997,3.006792999999999,256
1,10,96,17,ok,0,473,1.84765625,0.01158787890625,2.966497,256
1,10,96,18,ok,0,480,1.875,0.01161982421875001,2.9746750000000026,256
1,10,96,19,ok,0,471,1.83984375,0.012631531249999998,3.2336719999999994,256
1,10,128,10,ok,0,618,2.4140625,0.024029585937499976,6.151573999999994,256
1,10,128,11,ok,0,597,2.33203125,0.024439441406250012,6.256497000000003,256
1,10,128,12,ok,0,626,2.4453125,0.026014249999999996,6.659647999999999,256
1,10,128,13,ok,0,603,2.35546875,0.026234015625000006,6.7159080000000015,256
1,10,128,14,ok,0,611,2.38671875,0.02470562499999998,6.324639999999995,256
1,10,128,15,ok,0,604,2.359375,0.02455513671875001,6.286115000000002,256
1,10,128,16,ok,0,615,2.40234375,0.023893546875,6.116748,256
1,10,128,17,ok,0,599,2.33984375,0.026145003906249995,6.693120999999999,256
1,10,128,18,ok,0,619,2.41796875,0.02399317968749998,6.142253999999995,256
1,10,128,19,ok,0,607,2.37109375,0.025319675781250002,6.4818370000000005,256
1,10,160,10,ok,0,736,2.875,0.04871353515625002,12.470665000000006,256
1,10,160,11,ok,0,739,2.88671875,0.04733374218749998,12.117437999999995,256
1,10,160,12,ok,0,772,3.015625,0.04500068750000004,11.52017600000001,256
1,10,160,13,ok,0,741,2.89453125,0.04430399999999997,11.341823999999992,256
1,10,160,14,ok,0,763,2.98046875,0.04573864843749998,11.709093999999995,256
1,10,160,15,ok,0,746,2.9140625,0.046575027343750026,11.923207000000007,256
1,10,160,16,ok,0,773,3.01953125,0.042259031250000016,10.818312000000004,256
1,10,160,17,ok,0,767,2.99609375,0.04215822656250003,10.792506000000008,256
1,10,160,18,ok,0,744,2.90625,0.048368019531250014,12.382213000000004,256
1,10,160,19,ok,0,764,2.984375,0.04881265625000002,12.496040000000004,256
1,10,192,10,ok,0,870,3.3984375,0.07938312109375002,20.322079000000006,256
1,10,192,11,ok,0,895,3.49609375,0.07560003515625008,19.35360900000002,256
1,10,192,12,ok,0,920,3.59375,0.08055894531250002,20.623090000000005,256
1,10,192,13,ok,0,877,3.42578125,0.07585357812499995,19.418515999999986,256
1,10,192,14,ok,0,895,3.49609375,0.07473308984374996,19.13167099999999,256
1,10,192,15,ok,0,891,3.48046875,0.07494547265624996,19.18604099999999,256
1,10,192,16,ok,0,910,3.5546875,0.07449845703125,19.071605,256
1,10,192,17,ok,0,889,3.47265625,0.07910538671875009,20.250979000000022,256
1,10,192,18,ok,0,883,3.44921875,0.07614844921874997,19.494002999999992,256
1,10,192,19,ok,0,903,3.52734375,0.07967302734375,20.396295,256
1,10,224,10,ok,0,1028,4.015625,0.12412150000000004,31.77510400000001,256
1,10,224,11,ok,0,1021,3.98828125,0.13025725390625004,33.34585700000001,256
1,10,224,12,ok,0,1006,3.9296875,0.13357263671875,34.194595,256
1,10,224,13,ok,0,990,3.8671875,0.13111085156250005,33.56437800000001,256
1,10,224,14,ok,0,1029,4.01953125,0.124999359375,31.999836,256
1,10,224,15,ok,0,1031,4.02734375,0.12446703515624999,31.863560999999997,256
1,10,224,16,ok,0,1057,4.12890625,0.12970989843749994,33.205733999999985,256
1,10,224,17,ok,0,1004,3.921875,0.13250225781249997,33.92057799999999,256
1,10,224,18,ok,0,1005,3.92578125,0.13347902734375008,34.17063100000002,256
1,10,224,19,ok,0,1003,3.91796875,0.13926111328125002,35.650845000000004,256
1,20,96,10,ok,0,458,1.7890625,0.022111855468749997,5.660634999999999,256
1,20,96,11,ok,0,455,1.77734375,0.021871550781249995,5.599116999999999,256
1,20,96,12,ok,0,488,1.90625,0.020254796875,5.185228,256
1,20,96,13,ok,0,466,1.8203125,0.019752152343750017,5.056551000000004,256
1,20,96,14,ok,0,463,1.80859375,0.019794523437499968,5.067397999999992,256
1,20,96,15,ok,0,460,1.796875,0.021331804687499994,5.460941999999998,256
1,20,96,16,ok,0,478,1.8671875,0.019753421875,5.056876,256
1,20,96,17,ok,0,474,1.8515625,0.020047847656249982,5.132248999999995,256
1,20,96,18,ok,0,463,1.80859375,0.021466910156250005,5.495529000000001,256
1,20,96,19,ok,0,468,1.828125,0.02055354296874999,5.261706999999998,256
1,20,128,10,ok,0,621,2.42578125,0.042918328124999926,10.987091999999981,256
1,20,128,11,ok,0,592,2.3125,0.04648289453125001,11.899621000000003,256
1,20,128,12,ok,0,622,2.4296875,0.045539328124999987,11.658067999999997,256
1,20,128,13,ok,0,598,2.3359375,0.04375783203125001,11.202005000000003,256
1,20,128,14,ok,0,633,2.47265625,0.04285167968749999,10.970029999999998,256
1,20,128,15,ok,0,618,2.4140625,0.04045630078125001,10.356813000000002,256
1,20,128,16,ok,0,654,2.5546875,0.03618229296875001,9.262667000000002,256
1,20,128,17,ok,0,601,2.34765625,0.04308097656249998,11.028729999999994,256
1,20,128,18,ok,0,612,2.390625,0.04330656250000003,11.086480000000007,256
1,20,128,19,ok,0,638,2.4921875,0.04111846875000004,10.52632800000001,256
1,20,160,10,ok,0,745,2.91015625,0.09231172265625003,23.631801000000006,256
1,20,160,11,ok,0,774,3.0234375,0.08116175390625005,20.777409000000013,256
1,20,160,12,ok,0,760,2.96875,0.09939318749999997,25.44465599999999,256
1,20,160,13,ok,0,746,2.9140625,0.09589902734375004,24.55015100000001,256
1,20,160,14,ok,0,759,2.96484375,0.08485791015625005,21.723625000000013,256
1,20,160,15,ok,0,753,2.94140625,0.08906673437500005,22.801084000000014,256
1,20,160,16,ok,0,744,2.90625,0.08675377734375003,22.20896700000001,256
1,20,160,17,ok,0,763,2.98046875,0.08534160546875004,21.84745100000001,256
1,20,160,18,ok,0,779,3.04296875,0.08825566406250009,22.593450000000022,256
1,20,160,19,ok,0,758,2.9609375,0.09039841406250003,23.141994000000008,256
1,20,192,10,ok,0,902,3.5234375,0.15943691406249996,40.81584999999999,256
1,20,192,11,ok,0,872,3.40625,0.17529578124999998,44.875719999999994,256
1,20,192,12,ok,0,905,3.53515625,0.1796960859375,46.002198,256
1,20,192,13,ok,0,873,3.41015625,0.17422905468750008,44.60263800000002,256
1,20,192,14,ok,0,884,3.453125,0.16669541406250005,42.67402600000001,256
1,20,192,15,ok,0,912,3.5625,0.16097940625000007,41.21072800000002,256
1,20,192,16,ok,0,906,3.5390625,0.148237203125,37.948724,256
1,20,192,17,ok,0,876,3.421875,0.17516674609375,44.842687,256
1,20,192,18,ok,0,861,3.36328125,0.17037828906249994,43.616841999999984,256
1,20,192,19,ok,0,905,3.53515625,0.16552025390624997,42.37318499999999,256
1,20,224,10,ok,0,1045,4.08203125,0.2839917148437498,72.70187899999995,256
1,20,224,11,ok,0,1009,3.94140625,0.30412139843749986,77.85507799999996,256
1,20,224,12,ok,0,1040,4.0625,0.3141071796874999,80.41143799999998,256
1,20,224,13,ok,0,1000,3.90625,0.28512281640625,72.991441,256
1,20,224,14,ok,0,1045,4.08203125,0.2747655546875,70.339982,256
1,20,224,15,ok,0,1037,4.05078125,0.27101924609374983,69.38092699999996,256
1,20,224,16,ok,0,1026,4.0078125,0.28444350781249983,72.81753799999996,256
1,20,224,17,ok,0,1044,4.078125,0.27416892578124985,70.18724499999996,256
1,20,224,18,ok,0,999,3.90234375,0.28048860937500014,71.80508400000004,256
1,20,224,19,ok,0,1038,4.0546875,0.2960085156249999,75.77817999999998,256
5,5,96,10,ok,0,479,1.87109375,0.008908288461538464,0.4632310000000001,52
5,5,96,11,ok,0,464,1.8125,0.00870567307692308,0.4526950000000001,52
5,5,96,12,ok,0,495,1.93359375,0.00920646153846154,0.47873600000000005,52
5,5,96,13,ok,0,447,1.74609375,0.00925853846153846,0.481444,52
5,5,96,14,ok,0,455,1.77734375,0.00926211538461538,0.48162999999999984,52
5,5,96,15,ok,0,470,1.8359375,0.008729153846153847,0.45391600000000004,52
5,5,96,16,ok,0,472,1.84375,0.008793153846153846,0.45724400000000004,52
5,5,96,17,ok,0,465,1.81640625,0.009253826923076925,0.4811990000000001,52
5,5,96,18,ok,0,474,1.8515625,0.009070538461538465,0.47166800000000014,52
5,5,96,19,ok,0,472,1.84375,0.00909421153846154,0.4728990000000001,52
5,5,128,10,ok,0,631,2.46484375,0.017891634615384615,0.930365,52
5,5,128,11,ok,0,600,2.34375,0.01790067307692308,0.9308350000000002,52
5,5,128,12,ok,0,649,2.53515625,0.016856634615384614,0.8765449999999999,52
5,5,128,13,ok,0,613,2.39453125,0.017588442307692305,0.9145989999999998,52
5,5,128,14,ok,0,617,2.41015625,0.01658646153846154,0.862496,52
5,5,128,15,ok,0,627,2.44921875,0.016830634615384612,0.8751929999999998,52
5,5,128,16,ok,0,620,2.421875,0.01685269230769231,0.8763400000000001,52
5,5,128,17,ok,0,597,2.33203125,0.017911596153846153,0.9314029999999999,52
5,5,128,18,ok,0,610,2.3828125,0.017753096153846157,0.9231610000000001,52
5,5,128,19,ok,0,626,2.4453125,0.017709557692307695,0.9208970000000002,52
5,5,160,10,ok,0,748,2.921875,0.03117769230769231,1.62124,52
5,5,160,11,ok,0,702,2.7421875,0.041166865384615385,2.140677,52
5,5,160,12,ok,0,793,3.09765625,0.029882999999999993,1.5539159999999996,52
5,5,160,13,ok,0,715,2.79296875,0.031868326923076916,1.6571529999999997,52
5,5,160,14,ok,0,747,2.91796875,0.030063653846153855,1.5633100000000004,52
5,5,160,15,ok,0,751,2.93359375,0.029972326923076918,1.5585609999999996,52
5,5,160,16,ok,0,759,2.96484375,0.030078269230769242,1.5640700000000005,52
5,5,160,17,ok,0,744,2.90625,0.029691538461538467,1.5439600000000002,52
5,5,160,18,ok,0,739,2.88671875,0.03138132692307693,1.6318290000000002,52
5,5,160,19,ok,0,744,2.90625,0.031346692307692305,1.6300279999999998,52
5,5,192,10,ok,0,871,3.40234375,0.05146951923076923,2.676415,52
5,5,192,11,ok,0,878,3.4296875,0.049206865384615384,2.558757,52
5,5,192,12,ok,0,908,3.546875,0.05164421153846154,2.685499,52
5,5,192,13,ok,0,861,3.36328125,0.05188913461538461,2.6982349999999995,52
5,5,192,14,ok,0,864,3.375,0.06861105769230771,3.567775000000001,52
5,5,192,15,ok,0,890,3.4765625,0.047646730769230775,2.4776300000000004,52
5,5,192,16,ok,0,896,3.5,0.04910219230769232,2.5533140000000007,52
5,5,192,17,ok,0,888,3.46875,0.04840757692307693,2.5171940000000004,52
5,5,192,18,ok,0,869,3.39453125,0.04817336538461539,2.505015,52
5,5,192,19,ok,0,892,3.484375,0.05161428846153845,2.6839429999999993,52
5,5,224,10,ok,0,745,2.91015625,0.25568769999999996,12.784384999999999,50
5,5,224,11,ok,0,664,2.59375,0.2143119130434782,9.858347999999998,46
5,5,224,12,ok,0,1028,4.015625,0.07902296153846153,4.109194,52
5,5,224,13,ok,0,984,3.84375,0.08978590384615386,4.6688670000000005,52
5,5,224,14,ok,0,953,3.72265625,0.11337663461538462,5.8955850000000005,52
5,5,224,15,ok,0,1006,3.9296875,0.07754821153846156,4.032507000000001,52
5,5,224,16,ok,0,1020,3.984375,0.07807823076923073,4.0600679999999985,52
5,5,224,17,ok,0,994,3.8828125,0.08981469230769232,4.670364,52
5,5,224,18,ok,0,591,2.30859375,0.27012969767441863,11.615577000000002,43
5,5,224,19,ok,0,1016,3.96875,0.08565238461538463,4.453924000000001,52
5,10,96,10,ok,0,475,1.85546875,0.013817653846153846,0.718518,52
5,10,96,11,ok,0,479,1.87109375,0.01252828846153846,0.6514709999999999,52
5,10,96,12,ok,0,484,1.890625,0.013907500000000001,0.7231900000000001,52
5,10,96,13,ok,0,462,1.8046875,0.01381896153846154,0.7185860000000001,52
5,10,96,14,ok,0,474,1.8515625,0.013182192307692306,0.6854739999999999,52
5,10,96,15,ok,0,492,1.921875,0.013142692307692308,0.68342,52
5,10,96,16,ok,0,478,1.8671875,0.013510576923076927,0.7025500000000002,52
5,10,96,17,ok,0,474,1.8515625,0.013350288461538466,0.6942150000000002,52
5,10,96,18,ok,0,477,1.86328125,0.013279153846153847,0.690516,52
5,10,96,19,ok,0,474,1.8515625,0.01332798076923077,0.6930550000000001,52
5,10,128,10,ok,0,623,2.43359375,0.027348673076923083,1.4221310000000003,52
5,10,128,11,ok,0,628,2.453125,0.026964019230769225,1.4021289999999997,52
5,10,128,12,ok,0,627,2.44921875,0.02960007692307692,1.5392039999999998,52
5,10,128,13,ok,0,580,2.265625,0.029238884615384618,1.5204220000000002,52
5,10,128,14,ok,0,619,2.41796875,0.026229000000000002,1.3639080000000001,52
5,10,128,15,ok,0,651,2.54296875,0.02586936538461538,1.3452069999999998,52
5,10,128,16,ok,0,628,2.453125,0.02650815384615384,1.3784239999999996,52
5,10,128,17,ok,0,629,2.45703125,0.026042346153846156,1.3542020000000001,52
5,10,128,18,ok,0,613,2.39453125,0.027558211538461545,1.4330270000000003,52
5,10,128,19,ok,0,615,2.40234375,0.02721048076923077,1.4149450000000001,52
5,10,160,10,ok,0,759,2.96484375,0.05262561538461538,2.736532,52
5,10,160,11,ok,0,747,2.91796875,0.04925986538461537,2.5615129999999993,52
5,10,160,12,ok,0,789,3.08203125,0.052141326923076936,2.7113490000000007,52
5,10,160,13,ok,0,750,2.9296875,0.05218253846153846,2.713492,52
5,10,160,14,ok,0,767,2.99609375,0.05051313461538462,2.6266830000000003,52
5,10,160,15,ok,0,766,2.9921875,0.05264684615384614,2.7376359999999993,52
5,10,160,16,ok,0,777,3.03515625,0.04790188461538461,2.4908979999999996,52
5,10,160,17,ok,0,764,2.984375,0.05099855769230767,2.651924999999999,52
5,10,160,18,ok,0,754,2.9453125,0.052056961538461545,2.7069620000000003,52
5,10,160,19,ok,0,778,3.0390625,0.05091919230769229,2.647797999999999,52
5,10,192,10,ok,0,877,3.42578125,0.08659215384615383,4.5027919999999995,52
5,10,192,11,ok,0,882,3.4453125,0.0936471923076923,4.869654,52
5,10,192,12,ok,0,933,3.64453125,0.0899405,4.676906000000001,52
5,10,192,13,ok,0,875,3.41796875,0.09025549999999997,4.693285999999999,52
5,10,192,14,ok,0,906,3.5390625,0.09046071153846154,4.703957,52
5,10,192,15,ok,0,910,3.5546875,0.08627401923076924,4.486249000000001,52
5,10,192,16,ok,0,910,3.5546875,0.0851262307692308,4.426564000000002,52
5,10,192,17,ok,0,906,3.5390625,0.08251992307692306,4.291035999999999,52
5,10,192,18,ok,0,897,3.50390625,0.0859676153846154,4.470316000000001,52
5,10,192,19,ok,0,899,3.51171875,0.09057498076923078,4.709899,52
5,10,224,10,ok,0,1031,4.02734375,0.14320430769230777,7.4466240000000035,52
5,10,224,11,ok,0,1027,4.01171875,0.14878338461538462,7.7367360000000005,52
5,10,224,12,ok,0,1044,4.078125,0.14340530769230767,7.457075999999998,52
5,10,224,13,ok,0,1028,4.015625,0.14570482692307696,7.576651000000002,52
5,10,224,14,ok,0,1005,3.92578125,0.15315003846153843,7.9638019999999985,52
5,10,224,15,ok,0,1052,4.109375,0.1435475961538462,7.464475000000003,52
5,10,224,16,ok,0,1044,4.078125,0.14275994230769232,7.423517,52
5,10,224,17,ok,0,1059,4.13671875,0.13234324999999997,6.881848999999999,52
5,10,224,18,ok,0,1012,3.953125,0.14739461538461535,7.664519999999998,52
5,10,224,19,ok,0,1026,4.0078125,0.14877901923076922,7.736509,52
5,20,96,10,ok,0,485,1.89453125,0.022791326923076918,1.1851489999999998,52
5,20,96,11,ok,0,470,1.8359375,0.023696711538461538,1.232229,52
5,20,96,12,ok,0,476,1.859375,0.02720669230769231,1.4147480000000001,52
5,20,96,13,ok,0,462,1.8046875,0.025006153846153848,1.3003200000000001,52
5,20,96,14,ok,0,457,1.78515625,0.024390250000000006,1.2682930000000003,52
5,20,96,15,ok,0,479,1.87109375,0.02401913461538463,1.2489950000000007,52
5,20,96,16,ok,0,484,1.890625,0.02511584615384615,1.3060239999999996,52
5,20,96,17,ok,0,453,1.76953125,0.024993115384615388,1.2996420000000002,52
5,20,96,18,ok,0,476,1.859375,0.02352663461538462,1.2233850000000002,52
5,20,96,19,ok,0,497,1.94140625,0.023548942307692312,1.2245450000000002,52
5,20,128,10,ok,0,624,2.4375,0.05163234615384617,2.684882000000001,52
5,20,128,11,ok,0,628,2.453125,0.05329296153846153,2.7712339999999998,52
5,20,128,12,ok,0,643,2.51171875,0.05706092307692306,2.967167999999999,52
5,20,128,13,ok,0,621,2.42578125,0.050986942307692296,2.6513209999999994,52
5,20,128,14,ok,0,633,2.47265625,0.04980982692307691,2.5901109999999994,52
5,20,128,15,ok,0,645,2.51953125,0.047513230769230766,2.470688,52
5,20,128,16,ok,0,631,2.46484375,0.0488225,2.53877,52
5,20,128,17,ok,0,633,2.47265625,0.05248959615384616,2.7294590000000003,52
5,20,128,18,ok,0,632,2.46875,0.05453046153846154,2.8355840000000003,52
5,20,128,19,ok,0,631,2.46484375,0.05267826923076923,2.73927,52
5,20,160,10,ok,0,758,2.9609375,0.10509111538461534,5.464737999999998,52
5,20,160,11,ok,0,765,2.98828125,0.10490784615384617,5.455208000000001,52
5,20,160,12,ok,0,772,3.015625,0.10367553846153849,5.391128000000001,52
5,20,160,13,ok,0,758,2.9609375,0.10545334615384612,5.483573999999998,52
5,20,160,14,ok,0,778,3.0390625,0.10962350000000003,5.700422000000001,52
5,20,160,15,ok,0,794,3.1015625,0.09935675000000002,5.166551000000001,52
5,20,160,16,ok,0,790,3.0859375,0.09840015384615383,5.116807999999999,52
5,20,160,17,ok,0,777,3.03515625,0.10872009615384617,5.653445000000001,52
5,20,160,18,ok,0,752,2.9375,0.11166596153846155,5.80663,52
5,20,160,19,ok,0,766,2.9921875,0.11229873076923075,5.839533999999999,52
5,20,192,10,ok,0,901,3.51953125,0.20039942307692302,10.420769999999997,52
5,20,192,11,ok,0,901,3.51953125,0.20371586538461545,10.593225000000004,52
5,20,192,12,ok,0,955,3.73046875,0.18752086538461527,9.751084999999994,52
5,20,192,13,ok,0,904,3.53125,0.20116634615384618,10.460650000000001,52
5,20,192,14,ok,0,940,3.671875,0.19559884615384618,10.171140000000001,52
5,20,192,15,ok,0,917,3.58203125,0.1991861730769231,10.357681000000001,52
5,20,192,16,ok,0,903,3.52734375,0.19670965384615388,10.228902000000001,52
5,20,192,17,ok,0,928,3.625,0.19141275,9.953463,52
5,20,192,18,ok,0,911,3.55859375,0.17649517307692306,9.177748999999999,52
5,20,192,19,ok,0,925,3.61328125,0.2134063846153846,11.097132,52
5,20,224,10,ok,0,1035,4.04296875,0.3608086538461537,18.76204999999999,52
5,20,224,11,ok,0,1020,3.984375,0.3756972307692306,19.53625599999999,52
5,20,224,12,ok,0,1070,4.1796875,0.34032428846153834,17.696862999999993,52
5,20,224,13,ok,0,1042,4.0703125,0.3213097884615385,16.708109000000004,52
5,20,224,14,ok,0,1042,4.0703125,0.3467381923076923,18.030386,52
5,20,224,15,ok,0,1045,4.08203125,0.33795446153846154,17.573632,52
5,20,224,16,ok,0,1060,4.140625,0.3504309615384616,18.222410000000004,52
5,20,224,17,ok,0,1021,3.98828125,0.33531275000000005,17.436263000000004,52
5,20,224,18,ok,0,1033,4.03515625,0.3231106153846154,16.801752,52
5,20,224,19,ok,0,1047,4.08984375,0.34317084615384624,17.844884000000004,52
